<?xml version="1.0" encoding="utf-8"?>
<browserconfig>
    <msapplication>
        <tile>
            <square70x70logo src="/images/tile-70x70.png"/>
            <square150x150logo src="/images/tile-150x150.png"/>
            <wide310x150logo src="/images/tile-310x150.png"/>
            <square310x310logo src="/images/tile-310x310.png"/>
            <TileColor>#1e3a5f</TileColor>
        </tile>
        <badge>
            <polling-uri src="/api/badge"/>
            <frequency>30</frequency>
        </badge>
        <notification>
            <polling-uri src="/api/notifications"/>
            <frequency>30</frequency>
            <cycle>1</cycle>
        </notification>
    </msapplication>
</browserconfig>